campaign,action,target,from,to,evidence
"BALL-SP/AUTO (Mint)","RAISE_STRONG","loose-match","$0.74","$0.96","clk3=3 1d=0.0 eq3=3.1"
"BALL-SP/AUTO (Mint)","CUT","substitutes","$0.70","$0.56","clk3=9 1d=0.0 eq3=0.0"
"BALL-SP/AUTO (Pink)","CUT","close-match","$0.70","$0.56","clk3=13 1d=0.0 eq3=0.0"
"BALL-SP/AUTO (Pink)","CUT","substitutes","$0.70","$0.56","clk3=11 1d=0.0 eq3=0.0"
"BALL-SP/AUTO (Purple)","BUDGET","","$20.00","$40.00","day 2, dark 55.0%"
"BALL-SP/AUTO (Purple)","CUT","close-match","$0.85","$0.68","clk3=9 1d=0.0 eq3=0.81"
"BALL-SP/AUTO (Purple)","CUT","loose-match","$0.85","$0.68","clk3=5 1d=0.0 eq3=0.0"
"BALL-SP/AUTO (Purple)","RAISE_WEAK","substitutes","$0.88","$1.01","clk3=24 1d=1.67 eq3=0.83"
"BALL-SP/AUTO (White)","CUT","close-match","$0.80","$0.64","clk3=11 1d=0.0 eq3=0.0"
"BALL-SP/AUTO (White)","CUT","substitutes","$0.80","$0.64","clk3=11 1d=0.0 eq3=0.0"
"BALLS- BROAD","RAISE_WEAK","birthday gift for girls age 8-10","$1.02","$1.17","clk3=4 1d=1.39 eq3=0.71"
"BALLS- BROAD","CUT","gift for girls","$0.64","$0.51","clk3=93 1d=0.18 eq3=0.24"
"BALLS- BROAD","CUT","mystery box for girls","$0.95","$0.76","clk3=4 1d=0.0 eq3=0.0"
"BALLS- BROAD","CUT","mystery box for teen girls","$0.86","$0.69","clk3=2 1d=0.0 eq3=0.0"
"BALLS- BROAD","CUT","tween girl gift","$0.83","$0.66","clk3=15 1d=0.67 eq3=0.34"
"BOTTLE-SP/AUTO","CUT","close-match","$0.77","$0.62","clk3=9 1d=0.0 eq3=0.0"
"BOTTLE-SP/AUTO","CUT","loose-match","$0.76","$0.61","clk3=41 1d=0.0 eq3=0.0"
"BOTTLE-SP/AUTO","CUT","substitutes","$0.77","$0.62","clk3=16 1d=0.0 eq3=0.0"
"BOX-SP/AUTO (Pink)","RAISE_STRONG","close-match","$0.90","$1.17","clk3=5 1d=0.0 eq3=8.49"
"BOX-SP/AUTO (Pink)","CUT","loose-match","$0.80","$0.64","clk3=28 1d=0.0 eq3=0.0"
"BOX-SP/AUTO (Pink)","RAISE_WEAK","substitutes","$0.86","$0.99","clk3=27 1d=1.21 eq3=1.21"
"BUNNY- BROAD","BUDGET","","$30.00","$39.34","day 14, dark 24.0%"
"BUNNY- BROAD","RAISE_WEAK","gift for girls","$0.66","$0.76","clk3=105 1d=1.79 eq3=1.36"
"BUNNY-SP/AUTO (Brave)","CUT","close-match","$0.73","$0.58","clk3=16 1d=0.0 eq3=0.0"
"BUNNY-SP/AUTO (Brave)","RAISE_WEAK","loose-match","$0.76","$0.87","clk3=6 1d=4.61 eq3=0.0"
"BUNNY-SP/AUTO (Brave)","CUT","substitutes","$0.73","$0.58","clk3=2 1d=0.0 eq3=0.0"
"BUNNY-SP/AUTO (Proud)","BUDGET","","$10.00","$14.26","day 2, dark 30.0%"
"FRESH -SP/AUTO (Pink)","CUT","close-match","$0.92","$0.74","clk3=5 1d=0.0 eq3=0.0"
"ME-SP/AUTO (Pink)","CUT","close-match","$0.85","$0.68","clk3=6 1d=0.0 eq3=0.0"
"ME-SP/AUTO (Pink)","CUT","loose-match","$0.85","$0.68","clk3=17 1d=0.0 eq3=0.0"
"ME-SP/AUTO (Pink)","RAISE_STRONG","substitutes","$0.85","$1.10","clk3=20 1d=1.68 eq3=1.68"
"ME-SP/AUTO (Purple)","CUT","close-match","$0.77","$0.62","clk3=4 1d=0.0 eq3=0.0"
"ME-SP/AUTO (Purple)","CUT","substitutes","$0.71","$0.57","clk3=3 1d=0.0 eq3=0.0"
